{
	"credit": "Made with Blockbench",
	"textures": {
		"0": "block/crimson_fungus_model",
		"particle": "block/crimson_fungus_model"
	},
	"elements": [
		{
			"name": "stem",
			"from": [7, -2, 7],
			"to": [9, 3, 9],
			"rotation": {"angle": 0, "axis": "y", "origin": [8, 6, 8]},
			"faces": {
				"north": {"uv": [6, 0, 7, 2.5], "texture": "#0"},
				"east": {"uv": [7, 2.5, 8, 5], "texture": "#0"},
				"south": {"uv": [7, 0, 8, 2.5], "texture": "#0"},
				"west": {"uv": [6, 2.5, 7, 5], "texture": "#0"},
				"up": {"uv": [0, 0, 2, 2], "texture": "#missing"},
				"down": {"uv": [0, 0, 2, 2], "texture": "#missing"}
			}
		},
		{
			"from": [3, 4, 3],
			"to": [13, 6, 13],
			"rotation": {"angle": 0, "axis": "y", "origin": [8, 6, 8]},
			"faces": {
				"north": {"uv": [0, 13, 5, 14], "texture": "#0"},
				"east": {"uv": [0, 14, 5, 15], "texture": "#0"},
				"south": {"uv": [0, 13, 5, 14], "texture": "#0"},
				"west": {"uv": [0, 14, 5, 15], "texture": "#0"},
				"up": {"uv": [0, 8.5, 5, 13], "texture": "#0"},
				"down": {"uv": [0, 8, 5, 13], "texture": "#0"}
			}
		},
		{
			"from": [4, 3, 4],
			"to": [12, 4, 12],
			"rotation": {"angle": 0, "axis": "y", "origin": [8, 6, 8]},
			"faces": {
				"north": {"uv": [4, 6, 8, 6.5], "texture": "#0"},
				"east": {"uv": [4, 7.5, 8, 8], "texture": "#0"},
				"south": {"uv": [4, 6.5, 8, 7], "texture": "#0"},
				"west": {"uv": [4, 7, 8, 7.5], "texture": "#0"},
				"up": {"uv": [0, 0, 8, 8], "texture": "#missing"},
				"down": {"uv": [0.5, 8.5, 4.5, 12.5], "texture": "#0"}
			}
		},
		{
			"from": [5, 6, 5],
			"to": [11, 9, 11],
			"rotation": {"angle": 0, "axis": "y", "origin": [8, 6, 8]},
			"faces": {
				"north": {"uv": [0, 0, 3, 1.5], "texture": "#0"},
				"east": {"uv": [0, 4.5, 3, 6], "texture": "#0"},
				"south": {"uv": [0, 1.5, 3, 3], "texture": "#0"},
				"west": {"uv": [0, 3, 3, 4.5], "texture": "#0"},
				"up": {"uv": [3, 0, 6, 3], "texture": "#0"},
				"down": {"uv": [0, 0, 6, 6], "texture": "#missing"}
			}
		},
		{
			"from": [6, 9, 6],
			"to": [10, 10, 10],
			"rotation": {"angle": 0, "axis": "y", "origin": [8, 6, 8]},
			"faces": {
				"north": {"uv": [2, 6, 4, 6.5], "texture": "#0"},
				"east": {"uv": [2, 7.5, 4, 8], "texture": "#0"},
				"south": {"uv": [2, 6.5, 4, 7], "texture": "#0"},
				"west": {"uv": [2, 7, 4, 7.5], "texture": "#0"},
				"up": {"uv": [0, 6, 2, 8], "texture": "#0"},
				"down": {"uv": [0, 0, 4, 4], "texture": "#missing"}
			}
		}
	]
}