{
	"credit": "Made with Blockbench",
	"ambientocclusion": false,
	"textures": {
		"flowerpot": "block/flower_pot",
		"dirt": "block/dirt",
		"2_0": "block/crimson_fungus_model",
		"particle": "block/crimson_fungus_model"
	},
	"elements": [
		{
			"from": [5, 0, 5],
			"to": [6, 6, 11],
			"faces": {
				"north": {"uv": [10, 10, 11, 16], "texture": "#flowerpot"},
				"east": {"uv": [5, 10, 11, 16], "texture": "#flowerpot"},
				"south": {"uv": [5, 10, 6, 16], "texture": "#flowerpot"},
				"west": {"uv": [5, 10, 11, 16], "texture": "#flowerpot"},
				"up": {"uv": [5, 5, 6, 11], "texture": "#flowerpot"},
				"down": {"uv": [5, 5, 6, 11], "texture": "#flowerpot", "cullface": "down"}
			}
		},
		{
			"from": [10, 0, 5],
			"to": [11, 6, 11],
			"faces": {
				"north": {"uv": [5, 10, 6, 16], "texture": "#flowerpot"},
				"east": {"uv": [5, 10, 11, 16], "texture": "#flowerpot"},
				"south": {"uv": [10, 10, 11, 16], "texture": "#flowerpot"},
				"west": {"uv": [5, 10, 11, 16], "texture": "#flowerpot"},
				"up": {"uv": [10, 5, 11, 11], "texture": "#flowerpot"},
				"down": {"uv": [10, 5, 11, 11], "texture": "#flowerpot", "cullface": "down"}
			}
		},
		{
			"from": [6, 0, 5],
			"to": [10, 6, 6],
			"faces": {
				"north": {"uv": [6, 10, 10, 16], "texture": "#flowerpot"},
				"south": {"uv": [6, 10, 10, 16], "texture": "#flowerpot"},
				"up": {"uv": [6, 5, 10, 6], "texture": "#flowerpot"},
				"down": {"uv": [6, 10, 10, 11], "texture": "#flowerpot", "cullface": "down"}
			}
		},
		{
			"from": [6, 0, 10],
			"to": [10, 6, 11],
			"faces": {
				"north": {"uv": [6, 10, 10, 16], "texture": "#flowerpot"},
				"south": {"uv": [6, 10, 10, 16], "texture": "#flowerpot"},
				"up": {"uv": [6, 10, 10, 11], "texture": "#flowerpot"},
				"down": {"uv": [6, 5, 10, 6], "texture": "#flowerpot", "cullface": "down"}
			}
		},
		{
			"from": [6, 0, 6],
			"to": [10, 4, 10],
			"faces": {
				"up": {"uv": [6, 6, 10, 10], "texture": "#dirt"},
				"down": {"uv": [6, 6, 10, 10], "texture": "#flowerpot", "cullface": "down"}
			}
		},
		{
			"name": "stem",
			"from": [7, 3, 7],
			"to": [9, 8, 9],
			"rotation": {"angle": 0, "axis": "y", "origin": [8, 11, 8]},
			"faces": {
				"north": {"uv": [6, 0, 7, 2.5], "texture": "#2_0"},
				"east": {"uv": [7, 2.5, 8, 5], "texture": "#2_0"},
				"south": {"uv": [7, 0, 8, 2.5], "texture": "#2_0"},
				"west": {"uv": [6, 2.5, 7, 5], "texture": "#2_0"},
				"up": {"uv": [0, 0, 2, 2], "texture": "#missing"},
				"down": {"uv": [0, 0, 2, 2], "texture": "#missing"}
			}
		},
		{
			"from": [3, 9, 3],
			"to": [13, 11, 13],
			"rotation": {"angle": 0, "axis": "y", "origin": [8, 11, 8]},
			"faces": {
				"north": {"uv": [0, 13, 5, 14], "texture": "#2_0"},
				"east": {"uv": [0, 14, 5, 15], "texture": "#2_0"},
				"south": {"uv": [0, 13, 5, 14], "texture": "#2_0"},
				"west": {"uv": [0, 14, 5, 15], "texture": "#2_0"},
				"up": {"uv": [0, 8.5, 5, 13], "texture": "#2_0"},
				"down": {"uv": [0, 8, 5, 13], "texture": "#2_0"}
			}
		},
		{
			"from": [4, 8, 4],
			"to": [12, 9, 12],
			"rotation": {"angle": 0, "axis": "y", "origin": [8, 11, 8]},
			"faces": {
				"north": {"uv": [4, 6, 8, 6.5], "texture": "#2_0"},
				"east": {"uv": [4, 7.5, 8, 8], "texture": "#2_0"},
				"south": {"uv": [4, 6.5, 8, 7], "texture": "#2_0"},
				"west": {"uv": [4, 7, 8, 7.5], "texture": "#2_0"},
				"up": {"uv": [0, 0, 8, 8], "texture": "#missing"},
				"down": {"uv": [0.5, 8.5, 4.5, 12.5], "texture": "#2_0"}
			}
		},
		{
			"from": [5, 11, 5],
			"to": [11, 14, 11],
			"rotation": {"angle": 0, "axis": "y", "origin": [8, 11, 8]},
			"faces": {
				"north": {"uv": [0, 0, 3, 1.5], "texture": "#2_0"},
				"east": {"uv": [0, 4.5, 3, 6], "texture": "#2_0"},
				"south": {"uv": [0, 1.5, 3, 3], "texture": "#2_0"},
				"west": {"uv": [0, 3, 3, 4.5], "texture": "#2_0"},
				"up": {"uv": [3, 0, 6, 3], "texture": "#2_0"},
				"down": {"uv": [0, 0, 6, 6], "texture": "#missing"}
			}
		},
		{
			"from": [6, 14, 6],
			"to": [10, 15, 10],
			"rotation": {"angle": 0, "axis": "y", "origin": [8, 11, 8]},
			"faces": {
				"north": {"uv": [2, 6, 4, 6.5], "texture": "#2_0"},
				"east": {"uv": [2, 7.5, 4, 8], "texture": "#2_0"},
				"south": {"uv": [2, 6.5, 4, 7], "texture": "#2_0"},
				"west": {"uv": [2, 7, 4, 7.5], "texture": "#2_0"},
				"up": {"uv": [0, 6, 2, 8], "texture": "#2_0"},
				"down": {"uv": [0, 0, 4, 4], "texture": "#missing"}
			}
		}
	],
	"groups": [
		{
			"name": "flower_pot",
			"origin": [8, 8, 8],
			"children": [0, 1, 2, 3, 4]
		},
		{
			"name": "crimson_fungus",
			"origin": [8, 8, 8],
			"children": [5, 6, 7, 8, 9]
		}
	]
}